moa,10502
Kusaan,10096
Latent,9479
Kameme (R2G),9322
K4I,9245
robel,9217
KF25,9024
AK,8899
Monar,8885
retozaemon,8833
Ton,8675
kout,8644
Pyrax,8500
T.YAMADA,8377
Roks,8343
Flowx,8310
Daichi,8271
peze,8234
King Gnu (Megane),8195
Ryotchi,8022
Leil,7948
Sebas,7898
Kay,7842
chappi,7803
Cherry,7799
Chizuru,7799
Julian,7749
Avalon,7743
Maxim,7626
chi,7578
yuru,7492
Xander,7385
Shoryu (ASA),7368
Cynda,7347
Inori,7341
Gluttony,7331
purple (JPN),7266
takera,7262
Nazu,7238
James (UK),7205
Noface,7195
Sakura,7160
bayashi,7157
ta,7089
Swift,7051
Gasly,7048
Royal,7036
Rhys,7032
Melee,7017
Dayem,7002
uLmi,6906
Slater,6871
Train,6864
duel,6857
Orochimaru,6856
AR Demon,6826
Ginnan,6818
Kitkat,6818
Onim,6776
Tynan,6751
Daxx,6738
Dragon,6727
ne,6696
Roberto (USA),6684
shiki,6665
Devoty,6644
Spyke,6636
Novel Core,6631
Midwinter,6627
Roberto (RK),6617
Milotic,6610
gassa,6551
Thomas,6533
Sensei,6497
motti,6476
Ace Tman,6461
Mars,6418
Sikusiku,6411
Toa,6402
Athaway,6388
Joebo,6381
Zireael,6372
WaMi,6365
Rajang,6338
ringleader,6321
Tomsu,6233
bfsg,6220
Mike (USA),6209
Valer,6203
Pachimon,6174
Ruri,6146
Linkos,6121
Lemon,6112
Anemone,6107
Funuke,6107
Kuku,6103
strike,6078
Angel,6074
Somen,6030
Miguelowned,6003
Nyx,6003
Ember,5994
Zakky,5957
Darky,5947
zinc,5945
Az,5927
Tomato,5926
Hotate,5920
dolphin,5919
Kirua,5910
sawasawa,5892
Mayoi,5884
Monfi,5880
Sui,5880
Batisuta,5872
Lezard,5852
Ken,5849
Yuutaka,5837
Huayra,5804
xNts,5802
Yuchi,5799
Tanaka,5795
Meme,5761
pop (JPN),5760
Chibi,5757
Is,5753
Manster,5753
mafu,5749
Chamu,5738
Yafumi,5737
Theta_k,5728
Sthird,5721
Lums,5720
Loser,5715
Fufu,5707
zoel,5706
Nitroco,5702
DUGO,5694
katsuo,5682
syake,5679
xion,5679
Bryce,5673
Sheena,5664
misutiiii,5656
Drack,5646
fuusuke,5638
Muu,5634
Niya,5615
meizi,5605
Tyler,5600
Impo,5583
Queen,5577
Skye,5577
Beast (WF),5572
StervtL,5570
Nato,5569
rumi,5567
Zebe,5564
Brox,5559
goliber,5558
tasomu,5552
dizzy,5545
Sofida,5533
Omochi,5529
Kirino,5525
LMDS,5516
Chlorine,5507
takozo,5504
Wisch,5501
Jared,5498
Jax,5495
kaede,5483
Suilen,5473
upin,5470
Nick,5466
Mahoringo,5458
Z10N,5458
Luger,5454
Matilda,5438
Druddigon,5422
FalcoX,5412
yuyuyu,5403
Lanfi,5402
Su,5390
tune,5390
peropero (ruru),5361
A-Kun,5359
Ryan5,5347
FOX,5346
Audi,5340
tapo,5331
Miki,5328
Dash,5293
IA,5256
Ayano,5250
Bowen,5241
Elie,5241
Aoi,5192
Hagemu,5169
Pikky,5155
zoy,5147
Shimarin,5145
Big Blue (8NG),5139
Nicoban,5136
Jamie,5135
Be,5121
Citrus,5120
Alfie,5119
Manami,5119
Theo (FR),5119
liqueur,5097
Teeples,5089
Melt,5078
zilc,5064
Eji,5063
Jordie,5063
Aplex,5062
Tone,5057
fiachan,5052
rurux,5033
gizoku,5030
Xray,5014
Leo,4995
LAGUNA,4986
paso,4982
Dew,4972
Erik,4972
Le'na,4951
Agusis,4947
NERO (Ts),4946
Z,4938
kurara,4936
SuperFX,4933
yoshi,4914
Ro',4911
Felix,4909
Pepito,4899
Macron,4887
regone,4886
Default,4871
Tights,4868
minase (KGR),4862
Marc (CAN),4849
Jez,4827
asu,4821
onms,4819
Brandon,4818
Pan,4810
Ricke,4808
ZAKISHIII,4803
Mumin,4802
Meriken,4790
Sketch,4787
Paul,4786
sean,4781
coil,4775
Frogger,4773
Fuko,4771
G3,4771
Mugi,4766
Gucci,4756
Pana,4740
CanosoJr,4724
envy,4723
Kyans,4717
Ryou Cra,4713
Jasmine,4708
razoR,4708
Heart,4706
428N,4705
Blaze,4687
i29,4680
mkrs,4654
Aero,4642
Rookie,4642
Aimyong,4628
Beni,4625
Squids,4622
Svely,4621
haruka,4617
Saiki,4611
ohi,4610
Alejandro,4607
Material,4598
Y146,4598
Kiyo,4597
3-UP,4581
Avo,4575
Maruku,4570
Korona,4569
bebop,4568
SKTgod,4566
Shoichi,4564
Juls,4561
634P,4524
Aaron,4523
Purechi,4521
MxArcader,4518
Pikmin,4517
corenon,4507
maa,4503
Tn,4494
Mio,4488
Aketx,4487
Corneria,4487
Leo (GER),4479
Crowe (USA),4469
placid,4462
Ibu,4458
tinpo,4449
Saka,4446
Flo,4435
Shao,4435
Nick (Blue Orange),4432
Ace,4425
Zako,4425
Thinsky,4412
Section,4409
joel (xi),4407
Sgt,4406
NoraNeko,4405
Zenith,4397
Alpha,4396
lynes,4389
Mitch (NL),4385
Pass,4373
Denno,4372
JB,4356
Brye,4351
kazane,4349
Nhelv,4344
Mitch (USA),4342
omariokun,4330
Alex,4327
Flarena,4327
YFM,4325
Ronan,4318
Yuika,4316
Reptile (Gyao),4315
minase,4310
J,4308
Yiyo,4305
defy,4302
IFreez,4294
chocolate,4291
hanamin,4290
Beretta,4275
Rbd,4269
Ferg,4268
Jin,4265
Biz,4263
michael (JPN),4263
Gecko,4256
Romsu,4256
Asuna (FR),4254
Sparky,4245
poruku,4241
nero (Ap),4229
SEIKIN_TV,4225
Falso,4223
Rougee,4217
Simba,4215
Hamano,4214
yusuke,4212
Delta,4211
Orochi,4204
Nanase,4191
Den,4190
TEGU,4181
Linksrings,4167
Dydy,4166
uni (JPN),4166
Patafix,4165
yurari,4159
Sergio (MEX),4154
Koppu,4153
Mocchi,4141
Articuno,4138
Sparks,4137
Mooden,4135
Saezuri,4133
Ruben (COL),4131
Toad,4129
Andrew Yang,4128
Gio,4128
mirukute,4122
Leroy,4120
bizarre,4115
Kiyosaku,4115
Kimo,4112
Gr,4110
Christian,4105
Doodle,4104
messi,4100
mitsuwo,4100
Hydra,4099
Cara_mny,4093
kusokimosu,4092
Ponpegan,4087
Yuni,4084
Saru,4083
Corazon,4079
DG_14,4069
Kuzu,4064
kani,4062
Joubak,4058
duck,4055
Thast,4046
BARN,4045
Haniwa,4039
iasi,4035
Javizz,4032
Leon,4032
bigina,4031
Akeno,4024
Kappa,4013
Boshi,4011
CoCok,4006
Yanshi,4003
Reno,4002
Sax,4000
Cuj,3999
Yuzuki,3999
sala,3995
hamucha,3990
Fran,3989
Waenot,3988
Dominika,3986
mano,3984
Cris,3983
LS,3982
nago,3979
Attila,3977
Varo,3976
yuka,3976
Speedy,3975
OscarMS,3971
Master,3958
musu,3955
Route,3952
Crony,3949
Centels,3948
Myguel,3934
Christo,3933
Yoshi (GER),3932
Jerry,3927
Homma,3922
yoshi_poke,3904
Lucky,3901
Yoan,3891
T-mo,3887
yurie,3885
toriera,3884
Dive,3865
tottokohamutarou,3856
Jati,3840
yanase,3836
Mochikin,3835
Sofian,3833
Ame,3829
pipi,3826
gdin,3825
kookuso,3819
squall,3815
Neykan,3809
Wemex73,3808
Rearu,3806
tia,3798
silver_mk,3791
mgnm14,3790
kigasu,3784
kazurou,3780
DANIPRO,3779
Maccha,3777
Loic (YF),3761
poipoi,3760
JaVinci,3759
Wind,3756
wani,3750
Madame,3722
Nours,3722
iroha,3721
ApG77,3719
mikkel,3717
Pillou,3716
AleMacNube,3715
hiruko,3715
Donut,3714
Lawqah,3712
Moluchina_MK,3708
TK,3705
Takumi,3700
Ryoga,3698
Fly,3697
Fu Shun,3695
Geki,3692
Leon99,3688
nojob,3681
Ownesy,3676
Suzu,3675
Civil,3669
Gab,3667
Joel (IF),3665
K&K,3665
Zakaria,3659
Boris,3655
cardgumi,3655
Lu,3654
Clembec,3651
saishun,3649
Sirius,3649
Tky,3649
Diego,3648
Suo,3646
Takuma,3646
Holy,3635
Chim,3630
Fule,3623
zeta,3616
FF,3603
Manrou,3603
Huglou,3599
stream,3593
Denmaou,3590
Hiskha,3588
Lumi,3587
Flaco,3583
recoom,3581
Infuru,3578
Welcia,3574
kariwan,3570
Venus,3563
Neko,3544
Sayan,3539
Unai,3537
uknow,3536
Perishi,3535
Ast,3533
calm,3529
Noko,3525
Cho,3503
Ethan (FR),3503
hero,3501
Kenn,3501
Wailtor,3492
Mink,3490
vivi,3488
Ruben,3476
Azuza,3475
destr0yer,3468
Gaelounet,3465
Miguel,3461
Baku,3460
IceFox39,3457
Vicentowsky,3452
tasuki,3447
Diegu,3444
AP,3440
Ariel (DR),3434
Fuka,3432
Diegosito,3428
Azul,3427
Dude,3425
yomogi,3423
rumirin,3419
huyuiro,3414
LEO MK,3411
.com,3409
Fumi,3407
kishiro,3407
katakata,3399
SIZE,3397
Yaka,3396
Dekohero,3387
nc,3383
pop,3380
nush,3374
WaT,3371
kulin,3366
Maj,3364
aburiru,3363
Koyassi,3360
Kondo,3358
chawael,3356
Pianist,3354
Fusions,3351
Gary,3349
uepon,3346
Harry (USA),3341
Stevens,3338
pannakotta,3336
totto,3332
Raph,3329
Nicola,3327
Owen,3327
Aranaut,3324
Javier,3323
Alexxx,3321
rexter,3320
hatasako,3313
Cr15,3312
nny,3310
Alpaco,3309
Oscar,3305
kota,3300
Phil,3296
RaSong,3293
Sajin,3293
Domo,3283
moto,3282
Phenix,3282
Failure,3281
Cof,3279
uuu,3277
youknowsama,3275
noze,3270
Lobo,3266
Jupex,3262
Uroko,3262
AssX,3258
Wolfy,3255
akashi,3251
teqzo,3251
5ch,3244
Luisao,3233
takoteru,3229
Kona,3227
itakura,3224
MattG,3224
Ringo,3221
Engel,3210
koruto,3204
Sigorn,3201
Batboo,3197
Veccy,3197
Exodlu,3194
spicy,3183
Etena,3182
Speck,3182
youtan,3181
DaviD,3178
Jack,3175
Chucky,3171
Fam,3166
Indy Wolfy,3165
Jumo,3165
Zorro,3164
debi,3163
Hexia,3162
renkon,3157
Rem!na,3148
ShimiZ (JPN),3148
blackninja,3138
Nikuna,3136
ke_ke_,3131
Moy,3124
Juliuz,3121
Kayne,3118
Low1337,3117
Haupi,3115
Anelace,3114
Goro,3114
Jichu,3110
Riky95,3103
gorimusu,3102
hiroppy,2957
kasakasa,3102
Shine,3102
gureifu,3098
repechan,3098
Babou,3097
merc,3096
Yamer,3096
Nico (CL),3095
JavelinP,3093
Arufyii,3090
Plue,3090
Pomme,3088
katrin,3087
Peaqs,3086
Ainasi,3074
LT.Surge,3074
vislct,3074
wata,3073
TheKoopaGuy,3065
inru0,3057
camus,3056
GUCCIooon,3046
Haruka.,3046
ikuchan,3044
BlackDown,3043
Ninja,3043
tashi,3043
yuko,3041
shikka,3036
BoKeRoN,3035
Charly,3035
Himari,3031
takapi,3027
Aexo,3023
Javiwii,3021
tetsuo,3019
yurigusa,3008
rariru,3002
Gi,2998
Liet,2994
Boo,2993
hlgn,2983
Violet,2982
Curo,2981
Rene,2979
Kratos (ESP),2978
Jelledot,2972
Yonedu,2970
sumire,2968
kureria,2967
mmm,2961
hiroppy,2957
Lucas (JPN),2957
Kim,2954
Hobbie,2951
Karagenki,2951
yk,2950
Luis,2944
Haou,2940
Panda,2937
Carol,2936
Hamiyo,2934
hero3ta,2933
Trae,2932
Rito,2931
Qadim,2923
Anxo,2909
Thwomp,2908
yakitori,2907
Ty,2906
cho.,2903
Jiro,2902
yos,2902
Craig,2900
Ferb,2893
kuro,2890
Markness,2888
colchoneta,2879
HIZIKI,2874
Storm,2873
Trom,2873
Kazu,2870
Sergish,2870
Rybina,2851
SASUGA,2846
Twingy,2842
udon,2842
Absolutely,2837
Mexas,2837
kaiki,2830
Brent,2829
Rufus,2828
koha,2822
Ice,2818
Italic,2814
Bastinger,2806
junsuichan,2806
KAOKAO,2806
Eureka,2799
Kentaro,2798
kimuchi,2792
winnie,2790
Kan,2789
Damian,2781
Aidan,2778
kikoman,2773
krr,2770
Marine,2760
Egeon,2757
Loic (S7),2754
MANZI,2754
Rapido,2754
MauricioMK,2748
Psycho,2744
YoshiRacer,2736
Kuwagata,2733
Jihyo,2729
Prismillon,2727
Carlosf,2725
Bato,2721
feel,2720
nagiko,2715
Kou,2711
Yui (ARC),2709
sharu,2706
jun,2696
Yoshi90,2696
Dracoxy,2685
senritsu,2685
BryWH,2683
Music,2682
Ridge,2682
poru,2674
Ima,2673
Mt.Rainier,2673
Yuuga,2673
bymoe,2668
Narky,2667
Yuzu,2660
ALLEZ,2649
TheMax,2648
Pump,2647
Seb,2646
Toby (UK),2643
zefe,2642
Sync,2634
Carty,2626
Hollend,2622
Arsene,2617
WiFi,2616
Popo,2614
MKTristan,2612
Seiju,2609
aisumi_ne,2607
You,2595
Arx,2586
EKBO,2586
Shizuka,2586
Banataro,2584
DanTalents,2580
Aure,2574
Klein,2564
Clock,2563
Thomas (FR),2561
Troita,2561
CHIARUu,2560
denchan,2559
JaSon,2559
Ian,2548
Purrex,2547
Saika (NL),2547
hirase,2542
tomo,2535
EL,2526
mr,2525
jacob,2519
Jupiter,2519
RITO (JPN),2518
Raul FG5,2516
TaiiX,2513
TH,2511
zuax,2510
Pepe,2506
Paulita,2499
Maru,2495
Kiki,2477
Alex_Gp2,2471
magra,2467
Raito,2464
Seergio,2459
iden,2447
Said,2443
Roy,2432
kulinlin,2429
Mat,2426
caron,2423
Gabe,2401
Mika,2396
kaimin,2393
no name,2389
Yusaku,2386
Aran,2376
myt,2375
Laquon,2365
Ryuutan,2363
Deimos,2362
CQchan,2357
Th0mas,2351
Crunchy,2347
Rozemi,2347
Popuko,2345
mnt1or,2338
MIKE,2334
Xakob,2330
Nel,2314
Lapis,2302
mila,2302
Johann,2300
Asuka,2298
chaso,2298
Justin,2298
Francis,2296
Sandaa,2296
Zorm,2293
Mickey,2291
Kyret,2278
player,2275
nicolocom,2272
Light,2271
Rose,2270
Samurott,2262
Kashinya,2261
Jair,2260
toria,2257
Pony,2256
KR Yoda,2253
LX,2240
Xeter,2236
Lukas,2235
Nayo,2235
Sergi87,2233
DXJosh,2230
Emilio,2227
Goku,2226
natsus,2224
Benjax,2216
417B,2210
novu,2210
Fox04k,2209
Ice Brust,2209
Nereis,2202
Marv,2199
Nuuzz,2196
EmilP,2195
Shadoww,2195
FraX,2193
ScraT,2189
Black,2186
Frozen,2181
Saki,2180
Milesgamer,2170
TroyNight,2166
SirDozent,2159
zacty,2157
uni (ESP),2155
Ryuryu,2150
Merci,2144
SupeR,2144
Toni,2139
susato,2135
blind,2132
Tsukko,2131
agorin,2129
Shaiman,2127
Akiko,2125
Allen,2116
Donut1707,2111
Ruin,2110
kabosu,2108
za_taifuun,2106
Antwann,2104
Ata,2104
Blyth,2086
Sunlight,2083
Flux,2079
E.St4,2078
Toby,2074
LLawliet,2072
tea,2069
Yugo,2068
Bermus,2064
Ares,2062
Silver,2061
Zee,2061
bbgbritt,2056
Puz,2056
Bigbuffalo,2050
Mutsuki0325,2048
Kinopio,2044
Pile,2044
Arewau,2041
Lemillion,2033
Ruben (ESP),2032
Hydro,2031
Michael,2023
Cuky,2014
true2,2013
LT,2012
Joronimo,2010
HyTs,2004
ipuki,2002
Peter,1997
Miaghost,1987
Segtendo,1980
Axel11,1978
Minami,1978
Brehm,1975
Melvin,1971
Umbry,1967
ChevyChaser,1960
Tiox,1959
Stubbz,1958
Asuhq,1957
Pakaguarra,1952
AntonioRed,1948
Rex,1947
alfred,1935
rufu,1930
ZachNY,1928
Nany,1927
Eifeon,1925
KenshiSenpai,1924
Phoenix,1924
DavidFire,1922
enta,1922
sunshot,1922
Gustavo,1918
Hartless,1917
Kinuyo,1917
Lycam,1914
Saikai,1913
Electro,1907
Kevo,1906
hLeo,1905
Yazid,1896
Lion,1889
Storm (ip),1887
Terrible,1886
Gabriel,1881
Parkun,1878
Lozano,1873
tkhr,1866
CDR,1864
litmus,1860
Aoba,1858
52,1854
Niklas,1853
Pissand,1851
Pablo19,1845
Skythekid,1842
Hell,1839
DJR,1828
TSM8,1819
PizzaFreak,1818
Simon (AU),1816
Matlhias,1815
Sarko,1804
Philip,1803
marron,1802
Joshua,1801
Roger,1801
Act,1800
Oden,1800
Sbug,1798
Polimar8,1797
Chiky,1793
Shin,1793
Jak,1787
Edy,1785
KissMyAss,1785
Mattex125,1784
Rayanza,1782
Pol,1772
Tristan,1769
Luxray,1765
Silvia13,1762
Player 3,1758
Eldar,1755
mzamudio,1754
Vike,1752
gym-leader,1750
Kimon,1750
brandon2,1749
Kanade,1747
envynoiz,1744
Yotuba,1743
"pine
",1739
Luis3227,1736
NicoIT,1732
Mister,1725
Kataquak,1724
Deniis,1723
Kotaro,1722
"Shikai
",1718
Firefly2k7,1714
Itsuki,1714
kuroku,1714
JSully46,1711
Kangoni,1704
Loctio,1702
teewhizz,1701
Lin,1700
OmegaX (CG),1698
Hivan,1693
sugoroku,1692
Dylan 718,1691
Catherine,1685
L'Etudiant,1683
pam,1681
Sabrina,1680
Mirage,1679
Pepoit,1673
Spinda,1673
viZen,1673
Dylan,1672
OscarBK,1670
Foxy,1664
ben.,1657
Luk3,1652
Axel_3k,1650
Ritsu,1650
Thigga,1643
Mimi,1642
jo_onii,1641
AL,1631
lil ego,1629
DarkFeeC,1627
Deviljoker,1626
DINOSAURBOY445,1623
Draco,1623
Cedol,1621
Deebo,1618
Maew,1618
Soren,1617
peepee,1615
Reddo,1613
ronda,1613
Zombie,1612
Serena,1609
Claw,1603
Fijay1Z,1602
Hibberd,1602
MKShadow,1602
Ulvind,1600
JoshDj,1599
Juice,1598
Lighter,1595
Mattex but nah,1594
Azucrack,1593
nosnos34120,1588
President Evil,1588
Fids,1586
kuro (Pyon),1586
Jeanne,1583
Shadow,1582
MawCarby,1581
Tectrox,1581
Mystery,1579
Prove,1575
ezayy,1573
Ouran,1573
Jup,1571
cavrny,1567
Julia,1567
Tigan,1565
Dino,1564
MatthewMS,1564
Nico (CAN),1564
Ruscof,1562
Joshua1,1559
Tweiz,1558
Burke22,1557
Moonlight,1555
DraX,1554
Saihate,1550
Negitoro,1545
Plunky,1545
Andy (UK),1541
MaskedKing,1541
Pm Flo',1541
Maxi,1540
hannin,1536
Quan4sho,1536
clownpiece,1532
53o,1529
Powax,1528
Maspunch,1526
Tyler (USA),1526
Enri,1524
Shubuno,1524
Omelet,1522
Kanao,1520
Eevee (GER),1518
ALEXPLORER,1516
kyo,1515
Whatnoww,1513
Volt,1510
Flex,1505
Matt MK8DX,1505
Anlia666,1502
KingBeany,1493
coolguyfire,1488
Andy8344,1487
mofu,1486
alejandrobnk7,1485
Mel,1485
Oli,1485
Nando,1481
leo~,1475
Aleeex,1473
alexiagz,1468
Ali (USA),1465
Banyo,1463
JJLegend,1463
Ampy,1459
GreenMK87,1459
Romeo,1457
bobby,1456
cocoa,1454
KingDraco,1453
coolfireguy,1450
corr123,1448
Noir,1447
ZeKirio,1437
Luckyo,1432
zt,1430
Hi_into,1428
GucciS,1426
Aqua,1425
UKJack,1422
Majin,1411
Hexorrz,1409
Schmear,1409
Hermes,1406
LEF,1399
Sanny,1399
Ethan (CAN),1386
Zekken,1384
Dass,1379
spleatz,1378
fuji,1375
Jimbo,1375
Min,1371
Kyorai,1370
Shockwave,1367
LG Laure,1364
Kai.,1362
Vizi,1362
LaFrambwaza,1346
Sloth,1344
MegaJkeezy,1339
Nan,1335
CoinKillerL,1333
Sonic338,1333
Monteur,1327
shobun_crystal,1327
karia,1324
Axel (ESP),1320
kaaz,1314
Emmanuel Boom,1313
Francis (CAN),1313
Bryant O.,1308
Compoter,1308
KING CAM,1308
arc,1302
mi,1302
Xavier,1300
Signalex,1297
Lyncas,1293
NightCrawler,1293
KyleH,1292
tzovogo,1288
Arshee,1259
HICHMANrex,1257
Menma,1257
ScarTax,1251
Kro,1250
schmutz,1250
Draceon,1249
gojo,1243
GHOSTJOEKR,1237
cocomaru,1225
Andrew,1223
takebou,1220
Jaqui,1212
DemonBeater,1209
ZeLockss,1209
dann,1201
Akedysseril,1196
javosmar74,1196
kaugo,1190
Tack,1171
AWSMAndrew303,1169
Nitro,1167
Dark (GER),1165
Hearto,1165
iyowa,1164
Stellar,1156
M.,1153
Sotrm,1149
sakuu,1140
Alfon2005,1128
Divine,1121
flanders,1112
Javi01,1101
Kraz,1097
miraru,1089
Gity,1087
TheProcess,1082
LegendTitan,1080
ReN,1066
Mason,1061
YoshiKart64,1055
Swagalee,1043
Bueno,1011
kevathlete,997
Kafin,996
JOhn,985
Magic,978
saji,974
Lily,956
Milo,952
Neemo,951
Nikey,925
Pii,923
jimjam17,922
Blue (Lucas),921
Ace Bullet,915
Winter,912
Piojo,881
javiere10o,880
InklingDoMacaco,867
Hinata,861
Charmender,845
MethodM,844
Demyx,838
vSurge,828
aswizz,822
Shadow123,808
Hunty,794
Mejary,773
Axel (BPA),770
Kuzoo,770
RCP,770
Alina,769
Greg,766
Moises,755
jazzy,752
Alpha (ip),741
MKIcee,713
Usuado,683
jennychi,679
Ghoul,678
Mr. Mrtnz,669
Matt,667
Kiro,660
St0ck,656
maro,648
Timkario,627
Nicole,622
Cob,586
sky,586
spork,564
Tagnonfury,549
Kartoons,540
Haschiii,529
Fal,515
Xzvier,496
Mees,495
rinne,488
dam,487
syaka,486
momoberi_1130,480
Dry Bones,433
Joe,427
Chamingo,426
MugiwaraNoBowser,424
Gunz,401
Rober,352
Rokitobi,317
Denix,312
Ceci,299
Red,295
Gordon,247
Mary,243
S.f,233
jogn,202
spirantho,196
xNicole,184
Next,168
notsmatch,167
Hazu,162
Floki,161
DRose,130
Tugboat,126
sansan,124
Jeyjey,82
HouWar,72
Sinnoh,70
Hazen,67
Guito,29
Perig,27
Vertigo,26
berry,22
Mew,21
Anjuu,1
Ayataka,1
Daisy,1
Davidus93,1
elmeromg,1
enburezu,1
Galley,1
Geo k,1
Gerrynicx,1
GSCorinth7,1
King,1
Kumo,1
MATUS,1
Melvyn,1
Snortle,1
matias.cz,0
